Year,Carbon Tax ($/tonne),Carbon Charge Natural Gas ($/m3)
2022,50,0.097875
2023,65,0.1272375
2024,80,0.1566
2025,95,0.1859625
2026,110,0.215325
2027,125,0.2446875
2028,140,0.27405
2029,155,0.3034125
2030,170,0.332775
2031,170,0.332775
2032,170,0.332775
2033,170,0.332775
2034,170,0.332775
2035,170,0.332775
2036,170,0.332775
